Net: Toplevel network.	A1	A2	A3	A4	A5	Alt1	Alt2	Alt3	B1	B2	B3	C1	C2	C3	C4	D1	D2	
A1	0	0.00000599000705948999838598	0.00000479960761359778243805	0.00000654988056257522011968	0.00000542720933613229757715	0	0	0	0.0882155105327944919296	0.140664245075671236624	0.054303747631380799096	0.0126340039749231665438	0.100169552327337531614	0.0392584382019604317866	0.0500873212959310111573	0.0508703047753922278822	0.0479270499229436146298	
A2	0.00000451473458944037082933	0	0.0000043840519817147767665	0.00000631856761263531401312	0.00000569742046651643343578	0	0	0	0.0514121531317728454998	0.112204257162925090009	0.0819522035142140903863	0.0252637853831193362148	0.080136338260656434525	0.0157061004440405320729	0.10017007706581799881	0.0602255436073751619502	0.0484654674316622091639	
A3	0.00000650493896108119110438	0.00000616689555592321257093	0	0.00000572899596842846843077	0.00000576320193790344654222	0	0	0	0.114471219181523296835	0.096638162830865786058	0.091867517269629638205	0.0378929350794090828662	0.0601035959003558292465	0.0706614858923012041429	0.0200374967383272345157	0.0492764813490791865018	0.0539436765077238129637	
A4	0.00000668492184748485002272	0.00000676051007051413953341	0.00000749551140922304724084	0	0.00000729674328086025352975	0	0	0	0.11157842312879312299	0.107839399848478324278	0.14677297862280016101	0.126302490319600135551	0.0400729477326911719777	0.141321200484832170752	0.0901558888474868886896	0.0872785445132155735153	0.0892862690206301338484	
A5	0.00000689191996841540387666	0.0000064615679908688536988	0.00000766467352777839751058	0.00000522492625693091060634	0	0	0	0	0.134297412001905058667	0.0426290058218856684505	0.125078349572512636928	0.0884111180879208877339	0.0100211757615909108561	0.0235566739741602417644	0.0300540006399654079635	0.0517503388397340493681	0.0597774069033500754501	
Alt1	0.0958156408578260054643	0.119768311295901378891	0.0199671664739135987634	0.0149780318232229026573	0.149708616282649911575	0	0	0	0.0822011432512021854406	0.0605812704349620531366	0.0719263235531568083938	0.178709790422426111073	0.0633091638482620371794	0.110920971339244751203	0.227808190406618579338	0.0846636216991990300344	0.0685158369597717480948	
Alt2	0.111782795752325676632	0.0199667015043608575971	0.199606927097688666347	0.0748568455797423146166	0.0598867524533226527127	0	0	0	0.0400768546176325221936	0.0283573907579524318644	0.0419503858291811177394	0.0762957387566187087518	0.147764497231649906173	0.0959846949814207761698	0.131212107157993345151	0.0413506278365622015255	0.0325949565872275069295	
Alt3	0.0319426542872637898222	0.0998058906599489061179	0.0199670578523491879284	0.149706398938541161129	0.0299458208405096871496	0	0	0	0.0582846687044366965765	0.0916241327784680586608	0.0666859855890080331129	0.175147683458655666388	0.219078481206943494373	0.223246903913630287619	0.071133583973651311942	0.0572945766551942674188	0.0821972102075131229037	
B1	0.173609827773349974342	0.144463693839748213284	0.109222377285327053918	0.0546437419978790345338	0.0646831589409320286869	0	0	0	0	0.00000750292401817654337751	0.00000553613015394010150657	0.0310504495913184909488	0.0628925261097688543645	0.038085080193058711678	0.0503956957923755767696	0.0354012395821328008473	0.0334344443325469909737	
B2	0.1226650207407043183	0.129243001204141723656	0.0815724580648108751328	0.199103533500737937844	0.129362661681984138578	0	0	0	0.0000066155267179796207234	0	0.00000719117288709816183895	0.0606699269682734775397	0.0456682859007971984339	0.0595084165084925161932	0.0568615175374960345509	0.0707992661053729030527	0.0668660441672212375301	
B3	0.0839311433850556931422	0.106498999349903017545	0.189411252618300125882	0.126459010742287426324	0.186160327902233767312	0	0	0	0.00000626904974614630361662	0.00000467609978614764634657	0	0.0479486461265277521743	0.0311078631369277290575	0.0420753173987598359881	0.0324120265455776978124	0.0943965284329017919531	0.100295645618633504792	
C1	0.0652193559437364883573	0.0349331322541657924984	0.0739849303348721355478	0.0349336416250185254423	0.0326552235062796351106	0	0	0	0.0833298104537548334862	0.133094801089191199938	0.0319448756953975768343	0	0.00000660061179988837589443	0.00000626825440515325996414	0.00000594057158513911074424	0.0708663437991943243581	0.144968104777859918018	
C2	0.0254191933331388955771	0.012147893875396725131	0.0292611313099990731305	0.0121483158424771062907	0.0111503606804034783718	0	0	0	0.0416654366747446896575	0.0665477969399940128982	0.0638860100815025092994	0.00000294384435327074647732	0	0.00000314908870954944325721	0.00000290606112013946523937	0.0364647515453123170114	0.0693926142896293729899	
C3	0.0177376204376834812753	0.0197795893898442579074	0.0171469922390523334525	0.0197804217494974612425	0.0199337230448211241841	0	0	0	0.0555542413651205003623	0.106476274652989621126	0.0958290317337910380601	0.00000427310032116927707128	0.00000388608406839320375008	0	0.00000407858983818157578833	0.0622686201281449773904	0.0572793980931032584878	
C4	0.0323193228600814980313	0.0738347669631834276235	0.020302474241238708428	0.0738332222790336441396	0.0769562433027114752769	0	0	0	0.138881403177276752988	0.013312244366941094232	0.127771024398842729626	0.00000726328398605249925672	0.00000648179816997586955793	0.00000655629320534935615013	0	0.147089705541596560539	0.0450478829896066607238	
D1	0.0798480466022723769184	0.217753912757948804718	0.0399282722191001109653	0.217754231848440427639	0.228123288414596025776	0	0	0	0.000012229493480208568153	0.0000114409926108724589339	0.0000135824980414068852701	0.111780978825056732826	0.0779925982902234471364	0.0913659174279131102983	0.106572766826200198626	0	0.00000799219057683250075048	
D2	0.159684781511195380323	0.021778727924780098826	0.199604616418815816501	0.0217787817027214882281	0.0114096383745346628353	0	0	0	0.00000660970909866888168901	0.00000739822326022607655325	0.00000525670750041616017557	0.027877972777489958866	0.0616660057987571976138	0.0482928256038653782729	0.0330864019500152545223	0.00000350558959262665131559	0	

Normalized By Cluster	A1	A2	A3	A4	A5	Alt1	Alt2	Alt3	B1	B2	B3	C1	C2	C3	C4	D1	D2	
A1	0	0.236022365743263013218	0.197158982313857053417	0.274946634295406825333	0.224407885246161208101	0	0	0	0.17643994258303651249	0.28134251747297459778	0.108612970092733488124	0.043489898588415519643	0.344813451142057386568	0.135139109449013074231	0.172414789543129869375	0.169906809165081025386	0.160077056670567377042	
A2	0.183551796755881398752	0	0.180088727394532483029	0.265236729443353466952	0.235580755976570881792	0	0	0	0.102829505739447489595	0.224419703560206581389	0.163912669338114570904	0.0869652618799366888601	0.275853158125806029636	0.0540650245943404726685	0.344813863248565341258	0.201153305248359585654	0.16187537912509241854	
A3	0.264465875111784125517	0.242992247579177010343	0	0.24048807369275943717	0.238300732297377503405	0	0	0	0.228954015204499981592	0.193285962613831495849	0.183744296497391614162	0.130438450636227224763	0.206894488863491912974	0.243237650634628019301	0.0689747563599592787991	0.164583439196430832108	0.180172678586082687301	
A4	0.271783289132526445543	0.266382253748087643135	0.307901712043613739802	0	0.301710626479890406702	0	0	0	0.223168130541298929336	0.215689553658956559204	0.29356075469766352568	0.43476972987869806575	0.137943028436331594277	0.486469203933639024973	0.310342182403274980178	0.291510323602117824557	0.298217461097615937573	
A5	0.280199038999808030189	0.254603132929472333304	0.314850578247996723752	0.219328562568480270544	0	0	0	0	0.268608405931717086987	0.0852622626940307657786	0.25016930937409680113	0.304336659016722500984	0.0344958734323130765459	0.0810890113883794088269	0.10345440844507053039	0.172846122788010732295	0.199657424520641579544	
Alt1	0.39999667906187951703	0.499991064431279696045	0.0833558925271038169437	0.0625279786931969048413	0.62498068306056391955	0	0	0	0.455249940706017337301	0.335513585620322193973	0.398345425474354015648	0.415456133238148487676	0.147178538997123192174	0.257864253324880136862	0.52959696560672435878	0.461863312631786156935	0.37377438822327002072	
Alt2	0.466653947903231148158	0.0833540377277462323568	0.833288668402594110341	0.312500821248949558505	0.25000607435908898362	0	0	0	0.221955376369951537545	0.157050021957717402239	0.232331411733959506307	0.177368752609734247372	0.343516822782926506054	0.223141047208295797596	0.305035274094862976003	0.225579033458468849898	0.177815239485554309123	
Alt3	0.133349373034889334811	0.416654897840974071598	0.0833554390703020727151	0.624971200057853536654	0.12501324258034709683	0	0	0	0.322794682924031125155	0.507436392421960403788	0.369323162791686478045	0.407175114152117264951	0.509304638219950301772	0.518994699466824065543	0.165367760298412665216	0.312557653909744993167	0.448410372291175670157	
B1	0.456620441214452025647	0.379961941575030377423	0.287271510745493116774	0.143721300713202677046	0.170126546327152195375	0	0	0	0	0.616052989034524538234	0.434980618917397685687	0.222314504634994330592	0.450298007361727304254	0.272681345784934894541	0.360821723074573697533	0.176479376862986722972	0.166675417148429853018	
B2	0.322627794811961409343	0.339929157058547409819	0.214548006058183969727	0.523672387085633182604	0.340243476292511975011	0	0	0	0.513445415640863354055	0	0.565019381082602314313	0.434383557652708073681	0.326975865222250382891	0.426068030231524546376	0.407115536593472950067	0.352942736246419037291	0.333336654074069044206	
B3	0.22075176397358656501	0.280108901366422212757	0.498180483196322913499	0.33260631220116414035	0.489629977380335829614	0	0	0	0.486554584359136645945	0.383947010965475461766	0	0.343301937712297595727	0.222726127416022312854	0.301250623983540559083	0.232062740331953352401	0.470577886890594239737	0.499987928777501102777	
C1	0.463549718262203524437	0.248289116798047409831	0.525851328189019624365	0.24829235067455222631	0.232098480600765126	0	0	0	0.260869604745704624344	0.416661978077503514291	0.100005577119215633133	0	0.388992198424122177435	0.392412490153202086708	0.45961077769952173662	0.223772374752000242662	0.457763176088466410164	
C2	0.180668142724286350382	0.0863418092409672256917	0.207974849662375003754	0.086344673986273667405	0.0792516937320759491167	0	0	0	0.130436466106326845544	0.20833222998046737585	0.19999944181861908681	0.203300957622489375755	0	0.197142882588125690009	0.224836447524832868918	0.115143573247657460382	0.219119809581410570174	
C3	0.126070992844873808414	0.140584495673067347579	0.1218730436393005258	0.140590192864387896574	0.141679839690264031906	0	0	0	0.173916308076918615532	0.33333094044378200822	0.299999214731460832852	0.295098953294010628349	0.229017616980715784322	0	0.315552774775645394462	0.196623619218854326079	0.180870124747185585177	
C4	0.229711146168636316766	0.524784578287918016898	0.144300778509304846081	0.524772782474786209711	0.546969985976894892977	0	0	0	0.43477762107104991458	0.0416748514982471016382	0.399995766330704447205	0.501600089083499995897	0.381990184595162038243	0.410444627258672223283	0	0.464460432781487970877	0.142246889582937434485	
D1	0.333349074659812412177	0.909078245609010992647	0.166692233564037687342	0.909078162630514591534	0.952367139969115931901	0	0	0	0.649151333715170076228	0.607296645951396596906	0.720969788840284853121	0.800385349756688264481	0.558451796070738658251	0.654208361356391109461	0.763091802421997454655	0	1	
D2	0.666650925340187587823	0.0909217543909890073534	0.833307766435962312658	0.0909218373694854084659	0.0476328600308840680993	0	0	0	0.350848666284829923772	0.392703354048603403094	0.279030211159715146879	0.199614650243311735519	0.441548203929261341749	0.345791638643608890539	0.236908197578002545345	1	0	

1st iteration Limit	A1	A2	A3	A4	A5	Alt1	Alt2	Alt3	B1	B2	B3	C1	C2	C3	C4	D1	D2	
A1	0.043753	0.043753	0.043753	0.043753	0.043753	0.000000	0.000000	0.000000	0.043753	0.043753	0.043753	0.043753	0.043753	0.043753	0.043753	0.043753	0.043753	
A2	0.045099	0.045099	0.045099	0.045099	0.045099	0.000000	0.000000	0.000000	0.045099	0.045099	0.045099	0.045099	0.045099	0.045099	0.045099	0.045099	0.045099	
A3	0.044438	0.044438	0.044438	0.044438	0.044438	0.000000	0.000000	0.000000	0.044438	0.044438	0.044438	0.044438	0.044438	0.044438	0.044438	0.044438	0.044438	
A4	0.071368	0.071368	0.071368	0.071368	0.071368	0.000000	0.000000	0.000000	0.071368	0.071368	0.071368	0.071368	0.071368	0.071368	0.071368	0.071368	0.071368	
A5	0.044231	0.044231	0.044231	0.044231	0.044231	0.000000	0.000000	0.000000	0.044231	0.044231	0.044231	0.044231	0.044231	0.044231	0.044231	0.044231	0.044231	
Alt1	0.095194	0.095194	0.095194	0.095194	0.095194	0.000000	0.000000	0.000000	0.095194	0.095194	0.095194	0.095194	0.095194	0.095194	0.095194	0.095194	0.095194	
Alt2	0.073260	0.073260	0.073260	0.073260	0.073260	0.000000	0.000000	0.000000	0.073260	0.073260	0.073260	0.073260	0.073260	0.073260	0.073260	0.073260	0.073260	
Alt3	0.093493	0.093493	0.093493	0.093493	0.093493	0.000000	0.000000	0.000000	0.093493	0.093493	0.093493	0.093493	0.093493	0.093493	0.093493	0.093493	0.093493	
B1	0.051070	0.051070	0.051070	0.051070	0.051070	0.000000	0.000000	0.000000	0.051070	0.051070	0.051070	0.051070	0.051070	0.051070	0.051070	0.051070	0.051070	
B2	0.071815	0.071815	0.071815	0.071815	0.071815	0.000000	0.000000	0.000000	0.071815	0.071815	0.071815	0.071815	0.071815	0.071815	0.071815	0.071815	0.071815	
B3	0.070749	0.070749	0.070749	0.070749	0.070749	0.000000	0.000000	0.000000	0.070749	0.070749	0.070749	0.070749	0.070749	0.070749	0.070749	0.070749	0.070749	
C1	0.052147	0.052147	0.052147	0.052147	0.052147	0.000000	0.000000	0.000000	0.052147	0.052147	0.052147	0.052147	0.052147	0.052147	0.052147	0.052147	0.052147	
C2	0.028589	0.028589	0.028589	0.028589	0.028589	0.000000	0.000000	0.000000	0.028589	0.028589	0.028589	0.028589	0.028589	0.028589	0.028589	0.028589	0.028589	
C3	0.039251	0.039251	0.039251	0.039251	0.039251	0.000000	0.000000	0.000000	0.039251	0.039251	0.039251	0.039251	0.039251	0.039251	0.039251	0.039251	0.039251	
C4	0.060591	0.060591	0.060591	0.060591	0.060591	0.000000	0.000000	0.000000	0.060591	0.060591	0.060591	0.060591	0.060591	0.060591	0.060591	0.060591	0.060591	
D1	0.079702	0.079702	0.079702	0.079702	0.079702	0.000000	0.000000	0.000000	0.079702	0.079702	0.079702	0.079702	0.079702	0.079702	0.079702	0.079702	0.079702	
D2	0.035250	0.035250	0.035250	0.035250	0.035250	0.000000	0.000000	0.000000	0.035250	0.035250	0.035250	0.035250	0.035250	0.035250	0.035250	0.035250	0.035250	

Weighted SuperMatrix	A1	A2	A3	A4	A5	Alt1	Alt2	Alt3	B1	B2	B3	C1	C2	C3	C4	D1	D2	
A1	0.000000	0.000000	0.000000	0.000000	0.000000	0.000000	0.000000	0.000000	0.094340	0.180000	0.033333	0.021739	0.172414	0.067568	0.086207	0.000000	0.000000	
A2	0.000000	0.000000	0.000000	0.000000	0.000000	0.000000	0.000000	0.000000	0.018868	0.140000	0.066667	0.043478	0.137931	0.027027	0.172414	0.000000	0.000000	
A3	0.000000	0.000000	0.000000	0.000000	0.000000	0.000000	0.000000	0.000000	0.141509	0.100000	0.100000	0.065217	0.103448	0.121622	0.034483	0.000000	0.000000	
A4	0.000000	0.000000	0.000000	0.000000	0.000000	0.000000	0.000000	0.000000	0.075472	0.060000	0.133333	0.217391	0.068966	0.243243	0.155172	0.000000	0.000000	
A5	0.000000	0.000000	0.000000	0.000000	0.000000	0.000000	0.000000	0.000000	0.169811	0.020000	0.166667	0.152174	0.017241	0.040541	0.051724	0.000000	0.000000	
Alt1	0.133333	0.166667	0.027778	0.020833	0.208333	0.000000	0.000000	0.000000	0.000000	0.000000	0.000000	0.238095	0.031250	0.147059	0.312500	0.000000	0.000000	
Alt2	0.155556	0.027778	0.277778	0.104167	0.083333	0.000000	0.000000	0.000000	0.000000	0.000000	0.000000	0.047619	0.156250	0.058824	0.156250	0.000000	0.000000	
Alt3	0.044444	0.138889	0.027778	0.208333	0.041667	0.000000	0.000000	0.000000	0.000000	0.000000	0.000000	0.214286	0.312500	0.294118	0.031250	0.000000	0.000000	
B1	0.208333	0.166667	0.119048	0.041667	0.055556	0.000000	0.000000	0.000000	0.000000	0.000000	0.000000	0.000000	0.000000	0.000000	0.000000	0.088235	0.083333	
B2	0.104167	0.111111	0.047619	0.208333	0.111111	0.000000	0.000000	0.000000	0.000000	0.000000	0.000000	0.000000	0.000000	0.000000	0.000000	0.176471	0.166667	
B3	0.020833	0.055556	0.166667	0.083333	0.166667	0.000000	0.000000	0.000000	0.000000	0.000000	0.000000	0.000000	0.000000	0.000000	0.000000	0.235294	0.250000	
C1	0.000000	0.000000	0.000000	0.000000	0.000000	0.000000	0.000000	0.000000	0.130435	0.208333	0.050000	0.000000	0.000000	0.000000	0.000000	0.107143	0.294118	
C2	0.000000	0.000000	0.000000	0.000000	0.000000	0.000000	0.000000	0.000000	0.065217	0.104167	0.100000	0.000000	0.000000	0.000000	0.000000	0.035714	0.117647	
C3	0.000000	0.000000	0.000000	0.000000	0.000000	0.000000	0.000000	0.000000	0.086957	0.166667	0.150000	0.000000	0.000000	0.000000	0.000000	0.071429	0.058824	
C4	0.000000	0.000000	0.000000	0.000000	0.000000	0.000000	0.000000	0.000000	0.217391	0.020833	0.200000	0.000000	0.000000	0.000000	0.000000	0.285714	0.029412	
D1	0.111111	0.303030	0.055556	0.303030	0.317460	0.000000	0.000000	0.000000	0.000000	0.000000	0.000000	0.000000	0.000000	0.000000	0.000000	0.000000	0.000000	
D2	0.222222	0.030303	0.277778	0.030303	0.015873	0.000000	0.000000	0.000000	0.000000	0.000000	0.000000	0.000000	0.000000	0.000000	0.000000	0.000000	0.000000	

Limit Matrix	A1	A2	A3	A4	A5	Alt1	Alt2	Alt3	B1	B2	B3	C1	C2	C3	C4	D1	D2	
A1	0.045986	0.045986	0.045986	0.045986	0.045986	0.000000	0.000000	0.000000	0.045986	0.045986	0.045986	0.045986	0.045986	0.045986	0.045986	0.045986	0.045986	
A2	0.045584	0.045584	0.045584	0.045584	0.045584	0.000000	0.000000	0.000000	0.045584	0.045584	0.045584	0.045584	0.045584	0.045584	0.045584	0.045584	0.045584	
A3	0.047106	0.047106	0.047106	0.047106	0.047106	0.000000	0.000000	0.000000	0.047106	0.047106	0.047106	0.047106	0.047106	0.047106	0.047106	0.047106	0.047106	
A4	0.069743	0.069743	0.069743	0.069743	0.069743	0.000000	0.000000	0.000000	0.069743	0.069743	0.069743	0.069743	0.069743	0.069743	0.069743	0.069743	0.069743	
A5	0.047471	0.047471	0.047471	0.047471	0.047471	0.000000	0.000000	0.000000	0.047471	0.047471	0.047471	0.047471	0.047471	0.047471	0.047471	0.047471	0.047471	
Alt1	0.089840	0.089840	0.089840	0.089840	0.089840	0.000000	0.000000	0.000000	0.089840	0.089840	0.089840	0.089840	0.089840	0.089840	0.089840	0.089840	0.089840	
Alt2	0.070503	0.070503	0.070503	0.070503	0.070503	0.000000	0.000000	0.000000	0.070503	0.070503	0.070503	0.070503	0.070503	0.070503	0.070503	0.070503	0.070503	
Alt3	0.084254	0.084254	0.084254	0.084254	0.084254	0.000000	0.000000	0.000000	0.084254	0.084254	0.084254	0.084254	0.084254	0.084254	0.084254	0.084254	0.084254	
B1	0.050454	0.050454	0.050454	0.050454	0.050454	0.000000	0.000000	0.000000	0.050454	0.050454	0.050454	0.050454	0.050454	0.050454	0.050454	0.050454	0.050454	
B2	0.068137	0.068137	0.068137	0.068137	0.068137	0.000000	0.000000	0.000000	0.068137	0.068137	0.068137	0.068137	0.068137	0.068137	0.068137	0.068137	0.068137	
B3	0.069062	0.069062	0.069062	0.069062	0.069062	0.000000	0.000000	0.000000	0.069062	0.069062	0.069062	0.069062	0.069062	0.069062	0.069062	0.069062	0.069062	
C1	0.057118	0.057118	0.057118	0.057118	0.057118	0.000000	0.000000	0.000000	0.057118	0.057118	0.057118	0.057118	0.057118	0.057118	0.057118	0.057118	0.057118	
C2	0.032189	0.032189	0.032189	0.032189	0.032189	0.000000	0.000000	0.000000	0.032189	0.032189	0.032189	0.032189	0.032189	0.032189	0.032189	0.032189	0.032189	
C3	0.044623	0.044623	0.044623	0.044623	0.044623	0.000000	0.000000	0.000000	0.044623	0.044623	0.044623	0.044623	0.044623	0.044623	0.044623	0.044623	0.044623	
C4	0.065016	0.065016	0.065016	0.065016	0.065016	0.000000	0.000000	0.000000	0.065016	0.065016	0.065016	0.065016	0.065016	0.065016	0.065016	0.065016	0.065016	
D1	0.076442	0.076442	0.076442	0.076442	0.076442	0.000000	0.000000	0.000000	0.076442	0.076442	0.076442	0.076442	0.076442	0.076442	0.076442	0.076442	0.076442	
D2	0.036474	0.036474	0.036474	0.036474	0.036474	0.000000	0.000000	0.000000	0.036474	0.036474	0.036474	0.036474	0.036474	0.036474	0.036474	0.036474	0.036474	

2nd iteration	A1	A2	A3	A4	A5	Alt1	Alt2	Alt3	B1	B2	B3	C1	C2	C3	C4	D1	D2	
A1	0	0.0000122918210657323829268	0.0000103662533710852420213	0.0000131942300019901824101	0.0000114274023526470900732	0	0	0	0.0882097396064633165215	0.140654288189535009422	0.0543012120508115660189	0.0126358795144573263198	0.10016499167113931129	0.0392583913819265511458	0.0500866653770727101237	0.0508697736488187922028	0.0479263430491049558661	
A2	0.0000101694419509889439359	0	0.00000998948435012614330282	0.0000131117249754340307526	0.0000122478764153419565373	0	0	0	0.0514101000008363033316	0.112196444896395156368	0.0819477830238217512775	0.025264703728274791521	0.0801329713805799251855	0.0157076099841381131951	0.10016574824361634438	0.0602248446959195952228	0.0484648232112389219295	
A3	0.0000131421895545984109913	0.000012547293795341684004	0	0.0000119149069966762810384	0.0000119230301321575188734	0	0	0	0.114463037968045132386	0.0966321808498855476869	0.0918616454438129452992	0.03789301548035282551	0.0601020902009650885883	0.0706591922897130653214	0.0200389292568046316593	0.0492759937962791528106	0.0539427840352805507467	
A4	0.0000159521238196012373615	0.0000160468667792095502752	0.0000172259356372839836837	0	0.0000168993025831433302425	0	0	0	0.111572714488358072183	0.107834595905909936567	0.146764555924653729573	0.126297438209134315713	0.0400738510155529994865	0.141314886127088251995	0.0901534613267998930376	0.0872778583423850275876	0.0892850615494545161159	
A5	0.000013786377092095040614	0.0000129624178809964290342	0.0000149665089554976187528	0.0000109705153971636438463	0	0	0	0	0.134287676112562520178	0.0426272421717008260544	0.125069247941029467393	0.0884075420682615452751	0.0100233624344185593905	0.0235576981752190871582	0.03005466859538785894	0.0517496841674962218268	0.0597762291066185446509	
Alt1	0.0958156864920353974053	0.119767021905184834466	0.0199731470688603450707	0.0149850769739823025781	0.149704880691190341322	0	0	0	0.082204670990564942349	0.0605851570909962193374	0.0719301222344556273366	0.178702605658800522197	0.063310320800190790848	0.110917425143335446968	0.227798288141173998216	0.0846668647293971046563	0.0685190580703173716695	
Alt2	0.111778006114363222237	0.0199696361132587469843	0.199595069814349546058	0.0748554782626890793562	0.0598865033117416878779	0	0	0	0.0400830340759514802717	0.0283639086264596100959	0.0419560770120800900818	0.0762949447602071395507	0.147758880213643591498	0.0959832335852351233267	0.131207084005032823526	0.0413549919103008906609	0.0325996077104282067798	
Alt3	0.0319478558667185194404	0.0998046992492778081135	0.0199734518274002505008	0.14970191764601639879	0.0299502968554800911249	0	0	0	0.0582883093908878260499	0.0916274846785904537796	0.0666902400473176053673	0.175141191445082235641	0.219067597725494114056	0.223236897047357607646	0.0711346931281626984225	0.0572990865898602183645	0.0822004933796977898808	
B1	0.17359739055654175991	0.144453690236810706887	0.10921515758472912142	0.0546411805743988547277	0.0646796310236307784035	0	0	0	0	0.0000155529921641820647627	0.0000124409598706380160634	0.0310518956145514564363	0.0628936721832020663578	0.0380864317053200183912	0.0503971236338863844399	0.035403375633975419009	0.0334363400527435088175	
B2	0.122657883078373979393	0.129235395610994698434	0.0815686480915953347228	0.199090888601428151713	0.129355071661819640138	0	0	0	0.0000159553776832295360283	0	0.0000169088371531402921522	0.0606728251588273903591	0.0456711191040738896699	0.0595112188117827512561	0.0568645136110093295326	0.070800166942729859729	0.06686689610609405993	
B3	0.0839277058740000918691	0.106493590183220701538	0.189399364668770068081	0.126452377458647636239	0.186148486917697233332	0	0	0	0.0000157470432509776832749	0.0000131814926470296939519	0	0.047952766978864979065	0.0311120654561403857366	0.0420794520683362168752	0.0324162802615621077091	0.0943946766110636198181	0.100293030837134165919	
C1	0.0652212182419664895365	0.0349361785889330451867	0.0739855846740231184449	0.0349370772960734760201	0.0326579026043400371965	0	0	0	0.0833255449149096900555	0.13308680710009689368	0.0319447579670731236952	0	0.0000122017630773175878443	0.0000115609327989525137169	0.0000109119927578441284006	0.0708638141257588488744	0.144958744107022090553	
C2	0.0254211205357196032415	0.0121504508274183232665	0.0292630570208615978202	0.0121511606203233362035	0.0111531643099651167411	0	0	0	0.0416629635604150388206	0.0665434520814374487379	0.0638817322436529896091	0.00000541587179658471335905	0	0.00000581867672672314414341	0.00000537561161557643170201	0.0364637042507201693368	0.0693885336433948788035	
C3	0.0177413295165882582508	0.0197833543697312089166	0.0171509777512217156689	0.0197847481055494339435	0.0199378531839122317393	0	0	0	0.0555506496183512529082	0.106468667874578394733	0.0958223048802170152969	0.00000784578993522116794304	0.00000721236617750650896048	0	0.00000753418924338705441885	0.0622662417760983357314	0.0572771284442978149175	
C4	0.0323230602663001576747	0.0738366324605073000458	0.0203071797419845460385	0.0738342855438147159873	0.0769578862281854213587	0	0	0	0.138872862059596896596	0.0133140411514849164719	0.127763976554481124034	0.0000136367875778030796076	0.0000120016361374813454301	0.000012276229075662242337	0	0.147081670597110094922	0.045047942760368514946	
D1	0.079843228779821885415	0.217737949256620203044	0.0399266897663607019728	0.217738943431918297911	0.228106522661177910145	0	0	0	0.0000243998307470176875321	0.0000229223191533901898223	0.0000265354428292372429082	0.111780451371722378844	0.077992072456991509233	0.0913653710854441824037	0.106572426181090645792	0	0.0000169839368041084740283	
D2	0.159672464545153351993	0.0217775527985211430718	0.199589123807529661214	0.0217776741077870523921	0.0114093029393762207248	0	0	0	0.0000125949613763034427812	0.0000140725789649851173452	0.0000104594367399494662654	0.0278778415621534846064	0.0616655895922154632175	0.0482925367565022464175	0.0330862964447837666069	0.0000072521820866492472256	0	

2nd iteration Limit	A1	A2	A3	A4	A5	Alt1	Alt2	Alt3	B1	B2	B3	C1	C2	C3	C4	D1	D2	
A1	0.043753	0.043753	0.043753	0.043753	0.043753	0.000000	0.000000	0.000000	0.043753	0.043753	0.043753	0.043753	0.043753	0.043753	0.043753	0.043753	0.043753	
A2	0.045099	0.045099	0.045099	0.045099	0.045099	0.000000	0.000000	0.000000	0.045099	0.045099	0.045099	0.045099	0.045099	0.045099	0.045099	0.045099	0.045099	
A3	0.044438	0.044438	0.044438	0.044438	0.044438	0.000000	0.000000	0.000000	0.044438	0.044438	0.044438	0.044438	0.044438	0.044438	0.044438	0.044438	0.044438	
A4	0.071367	0.071367	0.071367	0.071367	0.071367	0.000000	0.000000	0.000000	0.071367	0.071367	0.071367	0.071367	0.071367	0.071367	0.071367	0.071367	0.071367	
A5	0.044231	0.044231	0.044231	0.044231	0.044231	0.000000	0.000000	0.000000	0.044231	0.044231	0.044231	0.044231	0.044231	0.044231	0.044231	0.044231	0.044231	
Alt1	0.095195	0.095195	0.095195	0.095195	0.095195	0.000000	0.000000	0.000000	0.095195	0.095195	0.095195	0.095195	0.095195	0.095195	0.095195	0.095195	0.095195	
Alt2	0.073260	0.073260	0.073260	0.073260	0.073260	0.000000	0.000000	0.000000	0.073260	0.073260	0.073260	0.073260	0.073260	0.073260	0.073260	0.073260	0.073260	
Alt3	0.093494	0.093494	0.093494	0.093494	0.093494	0.000000	0.000000	0.000000	0.093494	0.093494	0.093494	0.093494	0.093494	0.093494	0.093494	0.093494	0.093494	
B1	0.051070	0.051070	0.051070	0.051070	0.051070	0.000000	0.000000	0.000000	0.051070	0.051070	0.051070	0.051070	0.051070	0.051070	0.051070	0.051070	0.051070	
B2	0.071815	0.071815	0.071815	0.071815	0.071815	0.000000	0.000000	0.000000	0.071815	0.071815	0.071815	0.071815	0.071815	0.071815	0.071815	0.071815	0.071815	
B3	0.070748	0.070748	0.070748	0.070748	0.070748	0.000000	0.000000	0.000000	0.070748	0.070748	0.070748	0.070748	0.070748	0.070748	0.070748	0.070748	0.070748	
C1	0.052147	0.052147	0.052147	0.052147	0.052147	0.000000	0.000000	0.000000	0.052147	0.052147	0.052147	0.052147	0.052147	0.052147	0.052147	0.052147	0.052147	
C2	0.028589	0.028589	0.028589	0.028589	0.028589	0.000000	0.000000	0.000000	0.028589	0.028589	0.028589	0.028589	0.028589	0.028589	0.028589	0.028589	0.028589	
C3	0.039251	0.039251	0.039251	0.039251	0.039251	0.000000	0.000000	0.000000	0.039251	0.039251	0.039251	0.039251	0.039251	0.039251	0.039251	0.039251	0.039251	
C4	0.060591	0.060591	0.060591	0.060591	0.060591	0.000000	0.000000	0.000000	0.060591	0.060591	0.060591	0.060591	0.060591	0.060591	0.060591	0.060591	0.060591	
D1	0.079702	0.079702	0.079702	0.079702	0.079702	0.000000	0.000000	0.000000	0.079702	0.079702	0.079702	0.079702	0.079702	0.079702	0.079702	0.079702	0.079702	
D2	0.035250	0.035250	0.035250	0.035250	0.035250	0.000000	0.000000	0.000000	0.035250	0.035250	0.035250	0.035250	0.035250	0.035250	0.035250	0.035250	0.035250	
